Image_Name,0: WRIST_x,0: WRIST_y,0: WRIST_z,1: THUMB_CMC_x,1: THUMB_CMC_y,1: THUMB_CMC_z,2: THUMB_MCP_x,2: THUMB_MCP_y,2: THUMB_MCP_z,3: THUMB_IP_x,3: THUMB_IP_y,3: THUMB_IP_z,4: THUMB_TIP_x,4: THUMB_TIP_y,4: THUMB_TIP_z,5: INDEX_FINGER_MCP_x,5: INDEX_FINGER_MCP_y,5: INDEX_FINGER_MCP_z,6: INDEX_FINGER_PIP_x,6: INDEX_FINGER_PIP_y,6: INDEX_FINGER_PIP_z,7: INDEX_FINGER_DIP_x,7: INDEX_FINGER_DIP_y,7: INDEX_FINGER_DIP_z,8: INDEX_FINGER_TIP_x,8: INDEX_FINGER_TIP_y,8: INDEX_FINGER_TIP_z,9: MIDDLE_FINGER_MCP_x,9: MIDDLE_FINGER_MCP_y,9: MIDDLE_FINGER_MCP_z,10: MIDDLE_FINGER_PIP_x,10: MIDDLE_FINGER_PIP_y,10: MIDDLE_FINGER_PIP_z,11: MIDDLE_FINGER_DIP_x,11: MIDDLE_FINGER_DIP_y,11: MIDDLE_FINGER_DIP_z,12: MIDDLE_FINGER_TIP_x,12: MIDDLE_FINGER_TIP_y,12: MIDDLE_FINGER_TIP_z,13: RING_FINGER_MCP_x,13: RING_FINGER_MCP_y,13: RING_FINGER_MCP_z,14: RING_FINGER_PIP_x,14: RING_FINGER_PIP_y,14: RING_FINGER_PIP_z,15: RING_FINGER_DIP_x,15: RING_FINGER_DIP_y,15: RING_FINGER_DIP_z,16: RING_FINGER_TIP_x,16: RING_FINGER_TIP_y,16: RING_FINGER_TIP_z,17: PINKY_MCP_x,17: PINKY_MCP_y,17: PINKY_MCP_z,18: PINKY_PIP_x,18: PINKY_PIP_y,18: PINKY_PIP_z,19: PINKY_DIP_x,19: PINKY_DIP_y,19: PINKY_DIP_z,20: PINKY_TIP_x,20: PINKY_TIP_y,20: PINKY_TIP_z,Label
C:\Users\KIIT\GNN\Sign Language\asl_dataset\p\hand1_p_dif_seg_1_cropped.jpeg,0.7813469767570496,0.5610069632530212,5.360256523090356e-07,0.7053033113479614,0.5835162401199341,-0.19406826794147491,0.5434408187866211,0.5823156237602234,-0.24023239314556122,0.3880002498626709,0.6083422899246216,-0.24695508182048798,0.2540760040283203,0.6473667621612549,-0.2441767305135727,0.44583556056022644,0.3645925521850586,-0.12757907807826996,0.2476852387189865,0.3181505799293518,-0.1606396734714508,0.12469974160194397,0.29037851095199585,-0.1924838274717331,0.01661565899848938,0.2755991220474243,-0.21793147921562195,0.42377686500549316,0.4195553660392761,-0.04143526405096054,0.255029559135437,0.45612549781799316,-0.10780694335699081,0.20834162831306458,0.5697050094604492,-0.1698901206254959,0.2163255661725998,0.6748601794242859,-0.19643890857696533,0.4193994402885437,0.4853461980819702,0.029682040214538574,0.2771787643432617,0.527795672416687,-0.04428796470165253,0.2501089870929718,0.6266871690750122,-0.11222010850906372,0.246022567152977,0.7058104276657104,-0.13766853511333466,0.4300900995731354,0.531315267086029,0.0882113054394722,0.31963735818862915,0.5783033967018127,0.018024520948529243,0.28472569584846497,0.6476004123687744,-0.03328748047351837,0.2784441113471985,0.7059504985809326,-0.05415898188948631,15
C:\Users\KIIT\GNN\Sign Language\asl_dataset\p\hand1_p_dif_seg_2_cropped.jpeg,0.7813944816589355,0.5578234195709229,6.141951303106907e-07,0.6734745502471924,0.593135416507721,-0.19075365364551544,0.5059881806373596,0.5906631350517273,-0.22464516758918762,0.35439324378967285,0.6147092580795288,-0.21774475276470184,0.2214607298374176,0.6583024263381958,-0.20153313875198364,0.42375174164772034,0.364855021238327,-0.08414284139871597,0.23393255472183228,0.32351818680763245,-0.08314135670661926,0.12161284685134888,0.2957088351249695,-0.10036294907331467,0.018018871545791626,0.27805572748184204,-0.12010359019041061,0.4169286787509918,0.40375059843063354,0.014764687046408653,0.2527305781841278,0.4550060033798218,-0.018391288816928864,0.19566930830478668,0.5618760585784912,-0.08075988292694092,0.1967521458864212,0.6629761457443237,-0.11451220512390137,0.42009255290031433,0.4603816270828247,0.09910311549901962,0.274100661277771,0.5148462057113647,0.0537894181907177,0.23503853380680084,0.6127145290374756,-0.023750295862555504,0.22587688267230988,0.6950701475143433,-0.062498949468135834,0.43260592222213745,0.4989061951637268,0.17121292650699615,0.32359778881073,0.5526876449584961,0.11905013024806976,0.2822116017341614,0.6253020763397217,0.06020252779126167,0.2685573697090149,0.6865900754928589,0.029688315466046333,15
C:\Users\KIIT\GNN\Sign Language\asl_dataset\p\hand1_p_dif_seg_3_cropped.jpeg,0.7919505834579468,0.557991087436676,3.445935874424322e-07,0.7330337762832642,0.5639009475708008,-0.17994780838489532,0.5794122219085693,0.5623761415481567,-0.2277863472700119,0.4236903786659241,0.5882322788238525,-0.24150213599205017,0.29723310470581055,0.6185181736946106,-0.24633343517780304,0.47323766350746155,0.35920700430870056,-0.13669201731681824,0.2727576494216919,0.315042644739151,-0.19116415083408356,0.1438256800174713,0.2896097004413605,-0.2330493927001953,0.032109737396240234,0.2780914902687073,-0.26337894797325134,0.4395322799682617,0.4244603216648102,-0.06705287098884583,0.2709805965423584,0.4632287919521332,-0.15392069518566132,0.23251181840896606,0.5785990953445435,-0.21925321221351624,0.23767760396003723,0.6765891909599304,-0.2447577714920044,0.42499658465385437,0.495641827583313,-0.011446513235569,0.28331291675567627,0.5394339561462402,-0.10129081457853317,0.268546462059021,0.6357325315475464,-0.160811647772789,0.2709876298904419,0.7058722972869873,-0.17709094285964966,0.4344536066055298,0.5481084585189819,0.03202987089753151,0.3259836733341217,0.5967779755592346,-0.04623648151755333,0.2989482283592224,0.6608129739761353,-0.08999118208885193,0.29967623949050903,0.7122443914413452,-0.10290824621915817,15
C:\Users\KIIT\GNN\Sign Language\asl_dataset\p\hand1_p_dif_seg_4_cropped.jpeg,0.7903378009796143,0.5225791335105896,2.7111369149679376e-07,0.7345587015151978,0.5462940335273743,-0.2051432877779007,0.5781339406967163,0.5504380464553833,-0.25769907236099243,0.42281246185302734,0.5709071159362793,-0.2661850154399872,0.28820329904556274,0.6008490324020386,-0.262810617685318,0.4906385540962219,0.32992804050445557,-0.17992880940437317,0.27295225858688354,0.3297562301158905,-0.2418230026960373,0.13875102996826172,0.3347529172897339,-0.2874067723751068,0.024192333221435547,0.34062546491622925,-0.31821608543395996,0.45791131258010864,0.38790854811668396,-0.09236746281385422,0.2769426107406616,0.4449321925640106,-0.1819859892129898,0.2444930374622345,0.5726836919784546,-0.24607399106025696,0.2553600072860718,0.6639387607574463,-0.27179932594299316,0.43353700637817383,0.4541211724281311,-0.020333848893642426,0.28569477796554565,0.5113558173179626,-0.10902214795351028,0.28561145067214966,0.6151599287986755,-0.1727854609489441,0.2994838356971741,0.6758074760437012,-0.19329454004764557,0.4194231331348419,0.5013222098350525,0.037410907447338104,0.3139219582080841,0.5487117767333984,-0.03925086185336113,0.2844400405883789,0.6222041249275208,-0.09194644540548325,0.28133565187454224,0.674852728843689,-0.1137465089559555,15
C:\Users\KIIT\GNN\Sign Language\asl_dataset\p\hand1_p_dif_seg_5_cropped.jpeg,0.7851338386535645,0.5194271802902222,3.6298149552749237e-07,0.7318003177642822,0.5308527946472168,-0.19338680803775787,0.5772624015808105,0.5368878245353699,-0.2447037547826767,0.4206705093383789,0.569502592086792,-0.25549745559692383,0.28901559114456177,0.6090971231460571,-0.2562279999256134,0.48608100414276123,0.3318587839603424,-0.16598710417747498,0.2722461521625519,0.32843172550201416,-0.22661948204040527,0.14037755131721497,0.32411500811576843,-0.27219775319099426,0.028705358505249023,0.3263038992881775,-0.30300748348236084,0.4537656307220459,0.39204806089401245,-0.08514171093702316,0.270887553691864,0.436114639043808,-0.17505833506584167,0.23756423592567444,0.5605244040489197,-0.23765648901462555,0.2527412474155426,0.6603543758392334,-0.2605230510234833,0.4337450861930847,0.46025317907333374,-0.018483592197299004,0.2896267771720886,0.5070003271102905,-0.1064603254199028,0.28781723976135254,0.6081655025482178,-0.16398055851459503,0.30514800548553467,0.6754171252250671,-0.17851106822490692,0.4279405176639557,0.5094038248062134,0.034814443439245224,0.32765185832977295,0.5550212264060974,-0.04040340706706047,0.30565589666366577,0.6228632926940918,-0.08583202213048935,0.30959415435791016,0.6723055243492126,-0.10067401081323624,15
C:\Users\KIIT\GNN\Sign Language\asl_dataset\p\hand1_p_left_seg_1_cropped.jpeg,0.8918871283531189,0.31655216217041016,-3.7753977721877163e-07,0.8636161088943481,0.3616926372051239,-0.2213941216468811,0.719906210899353,0.41317218542099,-0.27633726596832275,0.5778351426124573,0.48483163118362427,-0.2831573486328125,0.46260765194892883,0.5583831667900085,-0.2769901156425476,0.5301711559295654,0.25663048028945923,-0.2011105716228485,0.3117663860321045,0.3054782748222351,-0.2687776982784271,0.1742832064628601,0.33394643664360046,-0.3084520697593689,0.05704256892204285,0.36659863591194153,-0.3339137136936188,0.5170184969902039,0.31968095898628235,-0.10661456733942032,0.44063299894332886,0.4813418984413147,-0.21963553130626678,0.511603832244873,0.5767396688461304,-0.27963101863861084,0.5746096968650818,0.620396614074707,-0.29256823658943176,0.5177391171455383,0.38863566517829895,-0.027830885723233223,0.47386592626571655,0.5286393761634827,-0.16042371094226837,0.5861050486564636,0.5725466012954712,-0.2151138335466385,0.6566677093505859,0.5731810331344604,-0.21171753108501434,0.5259231328964233,0.4388144016265869,0.03767852485179901,0.48521682620048523,0.5560248494148254,-0.0773300752043724,0.5202195048332214,0.6232888102531433,-0.12786991894245148,0.5484176874160767,0.6661204099655151,-0.13372580707073212,15
C:\Users\KIIT\GNN\Sign Language\asl_dataset\p\hand1_p_left_seg_2_cropped.jpeg,0.8924554586410522,0.31132492423057556,-5.279030119709205e-07,0.8631613254547119,0.3569851517677307,-0.23647992312908173,0.7123268842697144,0.4113529324531555,-0.29055407643318176,0.5700785517692566,0.48484399914741516,-0.2894893288612366,0.4537081718444824,0.5640395879745483,-0.27325257658958435,0.5147215723991394,0.25314879417419434,-0.21137818694114685,0.301697701215744,0.30812716484069824,-0.27699923515319824,0.16675719618797302,0.34193333983421326,-0.3157486021518707,0.04865953326225281,0.37528854608535767,-0.340401291847229,0.5076476335525513,0.3168622851371765,-0.10320989042520523,0.44820672273635864,0.49498623609542847,-0.21589034795761108,0.5505052804946899,0.5669403672218323,-0.2702866792678833,0.6360712647438049,0.5781885385513306,-0.2771313488483429,0.5080640316009521,0.388741672039032,-0.012465035542845726,0.46682682633399963,0.5325013995170593,-0.14620906114578247,0.5854085683822632,0.5703184604644775,-0.20390260219573975,0.6551731824874878,0.5633223056793213,-0.20141726732254028,0.512847363948822,0.43620726466178894,0.06442399322986603,0.48377102613449097,0.5549719333648682,-0.05382058396935463,0.5345946550369263,0.6113620400428772,-0.10898417234420776,0.5728120803833008,0.6449841260910034,-0.11649232357740402,15
C:\Users\KIIT\GNN\Sign Language\asl_dataset\p\hand1_p_left_seg_3_cropped.jpeg,0.8792281150817871,0.3127921223640442,-2.697529453143943e-07,0.8516227006912231,0.3665030002593994,-0.25850462913513184,0.7080482244491577,0.42518746852874756,-0.3175508975982666,0.5726855993270874,0.49623551964759827,-0.31332895159721375,0.4458443224430084,0.5727508664131165,-0.294903963804245,0.5123311281204224,0.25212496519088745,-0.246700718998909,0.29889369010925293,0.3079831600189209,-0.32077518105506897,0.16273221373558044,0.3421195149421692,-0.3683699667453766,0.04579615592956543,0.37969595193862915,-0.39718836545944214,0.5105546116828918,0.3031407594680786,-0.12136461585760117,0.4181891083717346,0.47873184084892273,-0.2247997522354126,0.45136964321136475,0.6220866441726685,-0.2873285412788391,0.49009421467781067,0.7146081924438477,-0.306066632270813,0.5120680332183838,0.36458975076675415,-0.013572010211646557,0.4687548577785492,0.5126740336418152,-0.14053279161453247,0.5899231433868408,0.5558050870895386,-0.20372433960437775,0.6643073558807373,0.5533612966537476,-0.2067965567111969,0.5083791613578796,0.40672704577445984,0.07903283089399338,0.5010319948196411,0.5295477509498596,-0.039973851293325424,0.5809804201126099,0.5685054659843445,-0.09682071954011917,0.6426566243171692,0.5797087550163269,-0.1045444905757904,15
C:\Users\KIIT\GNN\Sign Language\asl_dataset\p\hand1_p_left_seg_4_cropped.jpeg,0.8904155492782593,0.3109744191169739,-3.387644653685129e-07,0.8487131595611572,0.3649011552333832,-0.23091083765029907,0.6947315335273743,0.42566296458244324,-0.27652236819267273,0.5533922910690308,0.5026566386222839,-0.26741936802864075,0.43898507952690125,0.5787667036056519,-0.24449481070041656,0.5073840618133545,0.25108054280281067,-0.20023390650749207,0.2966090738773346,0.3124406635761261,-0.26069745421409607,0.164016455411911,0.3421509861946106,-0.298537939786911,0.05260056257247925,0.3732767403125763,-0.3232695162296295,0.5045819282531738,0.304712176322937,-0.09155426174402237,0.42196547985076904,0.4776653051376343,-0.18495315313339233,0.4748818576335907,0.598487377166748,-0.24148012697696686,0.5295217633247375,0.6660737991333008,-0.25705257058143616,0.5136693716049194,0.36590611934661865,0.0005117419641464949,0.4666696786880493,0.5160784125328064,-0.11856987327337265,0.5909485220909119,0.5507544875144958,-0.1718994528055191,0.6682431697845459,0.5447059869766235,-0.16952823102474213,0.524077832698822,0.403268963098526,0.07839670777320862,0.5126507878303528,0.5216397047042847,-0.034231800585985184,0.5921753644943237,0.5501811504364014,-0.08420684188604355,0.6545814275741577,0.5533266067504883,-0.08789806813001633,15
C:\Users\KIIT\GNN\Sign Language\asl_dataset\p\hand1_p_left_seg_5_cropped.jpeg,0.8898538947105408,0.3042125701904297,-5.178669084671128e-07,0.8513856530189514,0.36414653062820435,-0.2280554473400116,0.6974056959152222,0.4232134521007538,-0.27522554993629456,0.5527600646018982,0.49901705980300903,-0.2705787420272827,0.43283459544181824,0.5748106837272644,-0.251191109418869,0.5065106749534607,0.2537880539894104,-0.19165900349617004,0.2919861078262329,0.3123708665370941,-0.24494001269340515,0.16102007031440735,0.34319615364074707,-0.2729244828224182,0.04618149995803833,0.37261641025543213,-0.29102829098701477,0.5013748407363892,0.30591654777526855,-0.0856834426522255,0.4292464554309845,0.48442375659942627,-0.1844674050807953,0.5135046243667603,0.5783345699310303,-0.23527386784553528,0.5924398303031921,0.6119512319564819,-0.2427617609500885,0.5072238445281982,0.3696197271347046,0.0032011859584599733,0.45801010727882385,0.5244730710983276,-0.12232022732496262,0.5795360803604126,0.5683369636535645,-0.1799916923046112,0.6536654829978943,0.5677047371864319,-0.17905978858470917,0.5142257213592529,0.41319605708122253,0.079047292470932,0.47963351011276245,0.5388389229774475,-0.03431600332260132,0.5263188481330872,0.6060240268707275,-0.09086045622825623,0.560850977897644,0.6484742760658264,-0.10102676600217819,15
C:\Users\KIIT\GNN\Sign Language\asl_dataset\p\hand1_p_right_seg_1_cropped.jpeg,0.8522471189498901,0.34537655115127563,8.842375791573431e-07,0.8076798915863037,0.3740389943122864,-0.18937286734580994,0.6641103029251099,0.4535891115665436,-0.2538723349571228,0.5311617255210876,0.5548816919326782,-0.27594685554504395,0.4257369637489319,0.6512216329574585,-0.2922855019569397,0.48216551542282104,0.26259109377861023,-0.19460037350654602,0.28103089332580566,0.2485145926475525,-0.26414474844932556,0.13914304971694946,0.222018763422966,-0.30992212891578674,0.03778615593910217,0.21413829922676086,-0.33871862292289734,0.48984771966934204,0.33059394359588623,-0.11590832471847534,0.375171035528183,0.4760908782482147,-0.21900971233844757,0.3814372420310974,0.621597409248352,-0.28179752826690674,0.4121968746185303,0.724738597869873,-0.30340102314949036,0.5191123485565186,0.3978477716445923,-0.04688029736280441,0.4494713544845581,0.5346522927284241,-0.16437292098999023,0.48958736658096313,0.58891761302948,-0.2110816389322281,0.5232594013214111,0.6037847995758057,-0.20969809591770172,0.5532591342926025,0.444379985332489,0.013748913072049618,0.5093017816543579,0.5447672009468079,-0.08866506814956665,0.5630913972854614,0.5471576452255249,-0.11655918508768082,0.6109414100646973,0.51921546459198,-0.10856784135103226,15
C:\Users\KIIT\GNN\Sign Language\asl_dataset\p\hand1_p_right_seg_2_cropped.jpeg,0.8471652865409851,0.33621448278427124,8.601164154242724e-07,0.8118396997451782,0.38036414980888367,-0.2081385999917984,0.6628603339195251,0.4552309811115265,-0.27281704545021057,0.52864009141922,0.5574781894683838,-0.2881626486778259,0.42307835817337036,0.6582357883453369,-0.29619213938713074,0.47948431968688965,0.26567599177360535,-0.1982528418302536,0.27337169647216797,0.2570240795612335,-0.2646559476852417,0.13482818007469177,0.23113010823726654,-0.3129272162914276,0.030871063470840454,0.2227490246295929,-0.34383854269981384,0.4700300395488739,0.3245670199394226,-0.10648149251937866,0.34397071599960327,0.4488106667995453,-0.20054304599761963,0.3559368848800659,0.592465877532959,-0.261074036359787,0.396712064743042,0.6938800811767578,-0.28018736839294434,0.48854705691337585,0.39656364917755127,-0.026874713599681854,0.39509329199790955,0.5322052240371704,-0.14000475406646729,0.4159071445465088,0.6288155913352966,-0.19779087603092194,0.4402485191822052,0.6802223920822144,-0.20516076683998108,0.5220748782157898,0.4491259455680847,0.04329129680991173,0.46321946382522583,0.5632964372634888,-0.05789881572127342,0.49695026874542236,0.6055553555488586,-0.09402590990066528,0.5380831956863403,0.615725576877594,-0.09313394874334335,15
C:\Users\KIIT\GNN\Sign Language\asl_dataset\p\hand1_p_right_seg_3_cropped.jpeg,0.8492046594619751,0.3524911105632782,8.777363404988137e-07,0.8105801939964294,0.38218340277671814,-0.200165793299675,0.6646264791488647,0.4498109221458435,-0.2637285888195038,0.536281406879425,0.5491808652877808,-0.28274959325790405,0.43067431449890137,0.6462020874023438,-0.29539769887924194,0.47851237654685974,0.26977989077568054,-0.18377846479415894,0.2787916660308838,0.2579929828643799,-0.25039875507354736,0.1402483880519867,0.23406019806861877,-0.301613450050354,0.03378090262413025,0.22496041655540466,-0.3376345932483673,0.47188469767570496,0.3415359556674957,-0.10488791018724442,0.3584473133087158,0.46601301431655884,-0.20263156294822693,0.3674549460411072,0.6064839363098145,-0.2702747881412506,0.39926302433013916,0.7048207521438599,-0.29733386635780334,0.4931471347808838,0.4165872633457184,-0.039158862084150314,0.40080028772354126,0.5488526821136475,-0.15446171164512634,0.41104936599731445,0.6478124856948853,-0.21767975389957428,0.42251402139663696,0.7066105008125305,-0.23321235179901123,0.5308287143707275,0.46619904041290283,0.016715480014681816,0.47087931632995605,0.5725154280662537,-0.09160411357879639,0.5028729438781738,0.6097151041030884,-0.13384568691253662,0.5394740104675293,0.6194023489952087,-0.13959696888923645,15
C:\Users\KIIT\GNN\Sign Language\asl_dataset\p\hand1_p_right_seg_4_cropped.jpeg,0.8425686359405518,0.3443554937839508,1.15504474251793e-06,0.8069077134132385,0.3810783624649048,-0.19460183382034302,0.6592487096786499,0.45483988523483276,-0.25927042961120605,0.5235110521316528,0.5608924627304077,-0.27728259563446045,0.4239445924758911,0.6618514060974121,-0.28710049390792847,0.49250245094299316,0.25957822799682617,-0.2037915587425232,0.28058552742004395,0.2556745409965515,-0.26985687017440796,0.1414288580417633,0.23144997656345367,-0.3137800097465515,0.030834168195724487,0.21972301602363586,-0.3423553705215454,0.4772494435310364,0.32118093967437744,-0.12110216915607452,0.34598615765571594,0.4089651107788086,-0.20486271381378174,0.3324044346809387,0.5246222615242004,-0.2547060549259186,0.34171757102012634,0.6093853712081909,-0.2714158892631531,0.49462926387786865,0.3939158618450165,-0.04863501712679863,0.3961679935455322,0.5346490144729614,-0.15466934442520142,0.4014107882976532,0.6395691633224487,-0.20233412086963654,0.4129723906517029,0.7018941640853882,-0.20732605457305908,0.5298433303833008,0.44635602831840515,0.014785448089241982,0.4631693959236145,0.5589293241500854,-0.08229043334722519,0.49349692463874817,0.6031646728515625,-0.11211095750331879,0.5330515503883362,0.6181986331939697,-0.10934589803218842,15
C:\Users\KIIT\GNN\Sign Language\asl_dataset\p\hand1_p_right_seg_5_cropped.jpeg,0.846531331539154,0.33668601512908936,7.201377911769669e-07,0.8082284927368164,0.3782169222831726,-0.20718911290168762,0.65879225730896,0.4505479037761688,-0.2742798328399658,0.5309249758720398,0.5551127791404724,-0.29511329531669617,0.42553871870040894,0.6560972332954407,-0.30939480662345886,0.4732515215873718,0.26930272579193115,-0.19466853141784668,0.27598097920417786,0.26434004306793213,-0.26982730627059937,0.1357196569442749,0.23792748153209686,-0.3245827853679657,0.03209775686264038,0.22769036889076233,-0.35941699147224426,0.4679783284664154,0.3255111575126648,-0.1087876558303833,0.3646947145462036,0.46634045243263245,-0.22170644998550415,0.39314785599708557,0.6140362024307251,-0.286998987197876,0.4419557750225067,0.7121614217758179,-0.30401337146759033,0.4870881140232086,0.3915489912033081,-0.03616833686828613,0.4152858257293701,0.528373122215271,-0.16472621262073517,0.46264711022377014,0.6021882891654968,-0.21764332056045532,0.5050490498542786,0.6309477090835571,-0.21526850759983063,0.5178993940353394,0.43719711899757385,0.02671009674668312,0.4734659790992737,0.5500006675720215,-0.08283740282058716,0.5281009674072266,0.5749893188476562,-0.1136862263083458,0.5844855308532715,0.5657653212547302,-0.10455002635717392,15
C:\Users\KIIT\GNN\Sign Language\asl_dataset\p\hand1_p_top_seg_1_cropped.jpeg,0.8687132000923157,0.34410232305526733,-1.48329334592745e-07,0.8234186172485352,0.4011489450931549,-0.2513931691646576,0.6579256057739258,0.4493023157119751,-0.3019818961620331,0.5081648230552673,0.5095035433769226,-0.2877269387245178,0.37972575426101685,0.5776358842849731,-0.2600015103816986,0.5019457936286926,0.2639279365539551,-0.2242908477783203,0.2904665470123291,0.29108989238739014,-0.2929537892341614,0.15086093544960022,0.31315165758132935,-0.3391771614551544,0.03680148720741272,0.3352801501750946,-0.3636254072189331,0.4977773129940033,0.3043798804283142,-0.0942206159234047,0.38630178570747375,0.45531126856803894,-0.18956351280212402,0.44697052240371704,0.5892468690872192,-0.24339762330055237,0.5132064819335938,0.6655296087265015,-0.24877817928791046,0.49509644508361816,0.35484883189201355,0.019209252670407295,0.43250319361686707,0.48010319471359253,-0.09333978593349457,0.5386549234390259,0.5263769626617432,-0.14944326877593994,0.596959114074707,0.5219418406486511,-0.14549686014652252,0.49399757385253906,0.38691186904907227,0.11863256990909576,0.4759165644645691,0.49833160638809204,0.021213125437498093,0.5555124878883362,0.5225399732589722,-0.01862276904284954,0.6180718541145325,0.5136955976486206,-0.012407156638801098,15
C:\Users\KIIT\GNN\Sign Language\asl_dataset\p\hand1_p_top_seg_2_cropped.jpeg,0.8660911321640015,0.32797670364379883,7.304443716549258e-09,0.8180094957351685,0.3904268741607666,-0.23606522381305695,0.6531931161880493,0.4488324224948883,-0.2851848900318146,0.505291759967804,0.5167244076728821,-0.2766084671020508,0.3782735764980316,0.5862446427345276,-0.2572573721408844,0.5030466318130493,0.2586791515350342,-0.2052501142024994,0.2939163148403168,0.29256370663642883,-0.2678340971469879,0.15535786747932434,0.31738990545272827,-0.31097355484962463,0.04584279656410217,0.3516285717487335,-0.3364524841308594,0.49754589796066284,0.3040521740913391,-0.08787694573402405,0.38221755623817444,0.474104106426239,-0.18047583103179932,0.42426615953445435,0.6202141642570496,-0.23896007239818573,0.4834056496620178,0.7161308526992798,-0.2511803209781647,0.5003972053527832,0.3584069609642029,0.014186068437993526,0.44063976407051086,0.49601051211357117,-0.096265509724617,0.5403836965560913,0.5305557250976562,-0.14985401928424835,0.6033603549003601,0.5251787900924683,-0.14611200988292694,0.5020962357521057,0.3925553560256958,0.10293509811162949,0.4850071370601654,0.5051677823066711,0.0071844663470983505,0.5597270131111145,0.52292799949646,-0.030299006029963493,0.6191398501396179,0.5081775784492493,-0.024664241820573807,15
C:\Users\KIIT\GNN\Sign Language\asl_dataset\p\hand1_p_top_seg_3_cropped.jpeg,0.8792684674263,0.32370179891586304,-5.81564485457875e-08,0.822007417678833,0.38369327783584595,-0.2204633206129074,0.6549861431121826,0.4411780536174774,-0.2612525224685669,0.5100057721138,0.5091408491134644,-0.24884909391403198,0.3933471143245697,0.578754186630249,-0.22494354844093323,0.5003238320350647,0.2608029246330261,-0.17771731317043304,0.2866328954696655,0.30353471636772156,-0.23365366458892822,0.1507098376750946,0.32757073640823364,-0.27161264419555664,0.037404388189315796,0.3558971881866455,-0.2937387228012085,0.49864715337753296,0.3115288019180298,-0.07007268816232681,0.38263607025146484,0.47584664821624756,-0.1570708453655243,0.42506274580955505,0.6067816019058228,-0.21392326056957245,0.4795088768005371,0.6893116235733032,-0.22451217472553253,0.5058078169822693,0.3677271604537964,0.02235226333141327,0.4475459158420563,0.5022885203361511,-0.08462883532047272,0.5530537962913513,0.5286009311676025,-0.13568603992462158,0.6162156462669373,0.5180214643478394,-0.1295338124036789,0.5164555311203003,0.399122953414917,0.10167120397090912,0.49798882007598877,0.5074803829193115,0.008511953987181187,0.5762019157409668,0.5192148685455322,-0.026698367670178413,0.6400048732757568,0.5030642747879028,-0.018927866593003273,15
C:\Users\KIIT\GNN\Sign Language\asl_dataset\p\hand1_p_top_seg_4_cropped.jpeg,0.8753960132598877,0.32400578260421753,-5.8460308594021626e-08,0.8271483778953552,0.38413190841674805,-0.23807990550994873,0.665105938911438,0.43632325530052185,-0.28336668014526367,0.5212258696556091,0.5047870874404907,-0.26901519298553467,0.4007883369922638,0.5790654420852661,-0.24237972497940063,0.5017160773277283,0.2626790404319763,-0.20351144671440125,0.286442369222641,0.3002138137817383,-0.26758256554603577,0.14886733889579773,0.32023730874061584,-0.31143537163734436,0.03346550464630127,0.3391468822956085,-0.3358217179775238,0.5024340152740479,0.300471693277359,-0.08414225280284882,0.3887779116630554,0.4598669707775116,-0.17354939877986908,0.42578548192977905,0.6051583290100098,-0.2308645248413086,0.47260957956314087,0.6943258047103882,-0.24171318113803864,0.5085116028785706,0.3508685529232025,0.018922919407486916,0.45455458760261536,0.48363375663757324,-0.0907989889383316,0.5566737055778503,0.528374433517456,-0.14640271663665771,0.614241898059845,0.5239813327789307,-0.1430152803659439,0.5166594982147217,0.38042235374450684,0.10803165286779404,0.5066025257110596,0.49336475133895874,0.011568425223231316,0.5837588906288147,0.513785719871521,-0.027118051424622536,0.646409809589386,0.5010148286819458,-0.020890910178422928,15
C:\Users\KIIT\GNN\Sign Language\asl_dataset\p\hand1_p_top_seg_5_cropped.jpeg,0.8629335165023804,0.3508973717689514,1.0718554932509505e-07,0.8270158767700195,0.39788076281547546,-0.25080302357673645,0.6722128987312317,0.4485771656036377,-0.3128683865070343,0.525762677192688,0.5166614055633545,-0.3149763345718384,0.3953925669193268,0.5851479172706604,-0.3040478825569153,0.5192253589630127,0.2558809220790863,-0.242667555809021,0.2989431321620941,0.2911949157714844,-0.3279061019420624,0.15695250034332275,0.3061954081058502,-0.3822610080242157,0.04245373606681824,0.32873082160949707,-0.41337040066719055,0.503551721572876,0.3091365694999695,-0.12591387331485748,0.3889981806278229,0.4713885188102722,-0.23943465948104858,0.4249139726161957,0.6081761121749878,-0.30400708317756653,0.46855151653289795,0.691577136516571,-0.3202967345714569,0.49289801716804504,0.37428760528564453,-0.02684769593179226,0.4365055561065674,0.5100499987602234,-0.15354476869106293,0.5373673439025879,0.5498866438865662,-0.20745541155338287,0.5927338600158691,0.5490860939025879,-0.20330898463726044,0.47887730598449707,0.41973215341567993,0.057101599872112274,0.458324670791626,0.5282081961631775,-0.04933011159300804,0.5227212905883789,0.5625923871994019,-0.0920725092291832,0.5712789297103882,0.5734270215034485,-0.09117928892374039,15
C:\Users\KIIT\GNN\Sign Language\asl_dataset\p\hand2_p_bot_seg_1_cropped.jpeg,0.770150899887085,0.5842273235321045,7.107048816124006e-08,0.6991135478019714,0.5847409963607788,-0.19092057645320892,0.5420608520507812,0.5899184346199036,-0.2299976944923401,0.38665440678596497,0.6261227130889893,-0.22474615275859833,0.24775278568267822,0.6660476326942444,-0.20633132755756378,0.4678340256214142,0.3508642911911011,-0.14717711508274078,0.258968323469162,0.3644134998321533,-0.18084104359149933,0.14010077714920044,0.37678325176239014,-0.21683305501937866,0.03429156541824341,0.39392024278640747,-0.2457927018404007,0.4442058801651001,0.4102526009082794,-0.054183121770620346,0.2757640480995178,0.44625818729400635,-0.10396600514650345,0.21437320113182068,0.5473037958145142,-0.16228246688842773,0.1995919942855835,0.633970320224762,-0.19877393543720245,0.4273984134197235,0.47635966539382935,0.025349833071231842,0.2667924463748932,0.5061154365539551,-0.02252032794058323,0.22587090730667114,0.5857462882995605,-0.08426857739686966,0.2151513695716858,0.6518084406852722,-0.11848817020654678,0.4098765254020691,0.5324978828430176,0.09127027541399002,0.29830339550971985,0.5657846331596375,0.04504191130399704,0.2540936768054962,0.6192987561225891,-0.002421337179839611,0.24139636754989624,0.6585311889648438,-0.030325692147016525,15
C:\Users\KIIT\GNN\Sign Language\asl_dataset\p\hand2_p_bot_seg_2_cropped.jpeg,0.7818071842193604,0.5807583332061768,2.6179899137446228e-08,0.7020590305328369,0.5905773639678955,-0.1934783160686493,0.5385484099388123,0.5948993563652039,-0.22324828803539276,0.3836657404899597,0.6232490539550781,-0.2042648196220398,0.24797633290290833,0.6599386930465698,-0.17040035128593445,0.469849556684494,0.3478410243988037,-0.14742642641067505,0.2582530677318573,0.36410295963287354,-0.1733183115720749,0.1391608566045761,0.37857818603515625,-0.2041323482990265,0.02986299991607666,0.3920292854309082,-0.22945617139339447,0.4510517716407776,0.3964625597000122,-0.04674292355775833,0.27981629967689514,0.44233691692352295,-0.08213940262794495,0.21625682711601257,0.5504688620567322,-0.13276608288288116,0.2004498988389969,0.634666919708252,-0.16652315855026245,0.4362010657787323,0.45687898993492126,0.03975304961204529,0.2727247476577759,0.49604201316833496,0.001109645003452897,0.2356906235218048,0.5844320058822632,-0.061955876648426056,0.22814372181892395,0.6502836346626282,-0.09855759888887405,0.4175052046775818,0.5073089003562927,0.11235415190458298,0.3085644841194153,0.5461082458496094,0.06988045573234558,0.26611363887786865,0.605154275894165,0.018712051212787628,0.2573222517967224,0.6473184823989868,-0.012325378134846687,15
C:\Users\KIIT\GNN\Sign Language\asl_dataset\p\hand2_p_bot_seg_3_cropped.jpeg,0.7628962993621826,0.5927102565765381,-6.910787497815818e-09,0.6873828768730164,0.5821054577827454,-0.21076266467571259,0.5351206064224243,0.587460994720459,-0.24890604615211487,0.39022019505500793,0.627269446849823,-0.23606835305690765,0.24620547890663147,0.6678082942962646,-0.2079944908618927,0.4546862840652466,0.341794490814209,-0.15179501473903656,0.2587434649467468,0.3550185561180115,-0.18984410166740417,0.14105114340782166,0.369727224111557,-0.23563750088214874,0.033127278089523315,0.3859589993953705,-0.2707981765270233,0.4400893449783325,0.407164990901947,-0.04661887511610985,0.2792554497718811,0.4508478045463562,-0.0952267199754715,0.22313851118087769,0.5534194707870483,-0.16142809391021729,0.21137887239456177,0.6356174349784851,-0.20401079952716827,0.42313480377197266,0.4764009416103363,0.04179082810878754,0.27093273401260376,0.5111178755760193,-0.006123594474047422,0.23642145097255707,0.5915429592132568,-0.07823178172111511,0.22390270233154297,0.6521027088165283,-0.11979267001152039,0.40178343653678894,0.5328710079193115,0.11473027616739273,0.30003780126571655,0.5748000144958496,0.06726664304733276,0.2646547853946686,0.6277359127998352,0.013989021070301533,0.2559781074523926,0.6641429662704468,-0.018162380903959274,15
